<?xml version="1.0" encoding="UTF-8"?>
<project-private xmlns="http://www.netbeans.org/ns/project-private/1">
    <editor-bookmarks xmlns="http://www.netbeans.org/ns/editor-bookmarks/2" lastBookmarkId="0"/>
    <open-files xmlns="http://www.netbeans.org/ns/projectui-open-files/2">
        <group>
            <file>file:/C:/Users/corne/Documents/NetBeansProjects/bioTest/src/GeneticAlgorithm/Individual.java</file>
            <file>file:/C:/Users/corne/Documents/NetBeansProjects/bioTest/src/GeneticAlgorithm/GA.java</file>
            <file>file:/C:/Users/corne/Documents/NetBeansProjects/bioTest/src/GeneticAlgorithm/Populations.java</file>
            <file>file:/C:/Users/corne/Documents/NetBeansProjects/bioTest/src/GeneticAlgorithm/Ruleset1.java</file>
            <file>file:/C:/Users/corne/Documents/NetBeansProjects/bioTest/src/GeneticAlgorithm/GA_rates.java</file>
            <file>file:/C:/Users/corne/Documents/NetBeansProjects/bioTest/src/GeneticAlgorithm/Fitness.java</file>
            <file>file:/C:/Users/corne/Documents/NetBeansProjects/bioTest/src/GeneticAlgorithm/Ruleset3.java</file>
            <file>file:/C:/Users/corne/Documents/NetBeansProjects/bioTest/src/GeneticAlgorithm/Ruleset2.java</file>
            <file>file:/C:/Users/corne/Documents/NetBeansProjects/bioTest/src/GeneticAlgorithm/StringData.java</file>
        </group>
    </open-files>
</project-private>
